Channel Name,Channel URL
OpeninApp,https://www.youtube.com/channel/UCIGDcUqL2kKMdJCpIr_dfxg
ASIF OMAR,https://www.youtube.com/channel/UClSse6Ecr9J5M4UNdesvOFw
Investigation spot,https://www.youtube.com/channel/UCYS_NIypzhGb6v4iuOsvlzA
Healthy Raho,https://www.youtube.com/channel/UCkIEiYUsCrAVWvzh4-ikQhw
Tushar‚Äôs lifestyle ,https://www.youtube.com/channel/UCn-eQgBLmymvGWQAIYu1awg
Yashraj____,https://www.youtube.com/channel/UC74yKHU76hHEuiE17VBcMJA
DraculaGamingYT,https://www.youtube.com/channel/UCZwm3QxOej90yGTnxP63I7w
Kantent Kaak ,https://www.youtube.com/channel/UCbKvhMT0pDGlePamf1Ak7Fw
GAMINGCRYPT,https://www.youtube.com/channel/UCDxODBqVIgcQ0AnOsFG8s9w
Mustufa Vlogs,https://www.youtube.com/channel/UCuyQk-cFzUh0dkRn78gBL-g
Pretty By heart,https://www.youtube.com/channel/UCFNBlbmV-pOVEL2TTxLxaew
Fitness Naturo,https://www.youtube.com/channel/UCFjxFMyKs5_0beLv1xQphFA
fooodie pannya,https://www.youtube.com/channel/UCBzfppvA5t7raHsa9m_qWXw
lucy_shaikh_,https://www.youtube.com/channel/UCRGjmePlgi3YRzHYvi-bu_g
Ledrock gamer,https://www.youtube.com/channel/UC6YoChuVamys9uKWnaAoM8g
UP13 FITNESS ZONE,https://www.youtube.com/channel/UCL4IQIkrIVjpuAWLGusoxVw
saira vs shahid 2,https://www.youtube.com/channel/UChXbuSuPVmFAE-qKtLUIpLA
Arafat Vloge,https://www.youtube.com/channel/UCNih_p6dHxACpXFutvigqUg
M.D Roj dely vlog,https://www.youtube.com/channel/UCozSKlObfMakw4Ff13FNLjw
Techmore03,https://www.youtube.com/channel/UCoWgthzEr2rYD3W4Je5se_Q
UP13 FITNESS ZONE,https://www.youtube.com/channel/UCL4IQIkrIVjpuAWLGusoxVw
saira vs shahid 2,https://www.youtube.com/channel/UChXbuSuPVmFAE-qKtLUIpLA
Arafat Vloge,https://www.youtube.com/channel/UCNih_p6dHxACpXFutvigqUg
M.D Roj dely vlog,https://www.youtube.com/channel/UCozSKlObfMakw4Ff13FNLjw
Techmore03,https://www.youtube.com/channel/UCoWgthzEr2rYD3W4Je5se_Q
_Yadavlogs_,https://www.youtube.com/channel/UCUrzdwxo96B2ErFMsKsSzlw
Salman Khan,https://www.youtube.com/channel/UCcPJjQMhqzC7fGfGCENugfA
Dilkash Aryan,https://www.youtube.com/channel/UCkB_xShz_Et60SUA82Djk_Q
free tv,https://www.youtube.com/channel/UCf9V5vrIHNQHmgy_OU0Lhgg
D.K.M.Valog6239,https://www.youtube.com/channel/UC-vplhxgsHsZ9QupdhuKrPg
Mommy Editx,https://www.youtube.com/channel/UCLjaml8YliLtKsEZ6JRA5Qw
Abhi 015 rider,https://www.youtube.com/channel/UCIURt4pvHlRJc8Es6dc0HdA
SA MUSIC WAVES STUDIO,https://www.youtube.com/channel/UCM_nbZv_AZwc35GBlSR1H8w
Piyush Vidhate ( ‡§™‡§ø‡§Ø‡•Å‡§∑ ‡§µ‡§ø‡§ß‡§æ‡§§‡•á ),https://www.youtube.com/channel/UCPVhK6_gXEnZvI6ppUJR59Q
Unseen Explorer 1002,https://www.youtube.com/channel/UCooO6nY2WO8mGs2ylgI0oGg
BOSHISTO GAMING CHENNAL,https://www.youtube.com/channel/UCZjkCx3LGnTZtCzlQV_FfLQ
YouTuition,https://www.youtube.com/channel/UC-72nm3oWPVpsXmNtKfYYIQ
Mr & Mrs Darbar vlogs,https://www.youtube.com/channel/UCPheKdLCV2eUU6Zx_hPRI5Q
Vrundavan Gir Gaushala,https://www.youtube.com/channel/UCWHOq0gCltm7-S6FGLiQ8XQ
Deeps turbanator's,https://www.youtube.com/channel/UCH-ouesbQueqPaHQfOUjCCQ
–º—ï  Œ±–º–≤Œπ–∫Œ±  ŒΩŒπœÅ,https://www.youtube.com/channel/UChgYHgtUmkYBj9TozEHlSvw
Abhi 015 rider,https://www.youtube.com/channel/UCIURt4pvHlRJc8Es6dc0HdA
SA MUSIC WAVES STUDIO,https://www.youtube.com/channel/UCM_nbZv_AZwc35GBlSR1H8w
Comedy Hungama,https://www.youtube.com/channel/UCj4Gc3arjl8Hd3YlxEl9ilw
Meekneser Shorts,https://www.youtube.com/channel/UCt-_A95h7E3bvhBfMGAmRDw
SQUAD Z GAMING ,https://www.youtube.com/channel/UC5wFUPVzXQ4IQdbrsZF-lJw
Villain_Captures,https://www.youtube.com/channel/UCBCJXoLxRDvQjHzvOljALtA
Piyush Vidhate ( ‡§™‡§ø‡§Ø‡•Å‡§∑ ‡§µ‡§ø‡§ß‡§æ‡§§‡•á ),https://www.youtube.com/channel/UCPVhK6_gXEnZvI6ppUJR59Q
Gaming Monk YT,https://www.youtube.com/channel/UCJit7XUfIcXvi7vUfuaDEVA
sana,https://www.youtube.com/channel/UCpEf0LEcGL33tEH-LFgKumg
Unseen Explorer 1002,https://www.youtube.com/channel/UCooO6nY2WO8mGs2ylgI0oGg
BOSHISTO GAMING CHENNAL,https://www.youtube.com/channel/UCZjkCx3LGnTZtCzlQV_FfLQ
YouTuition,https://www.youtube.com/channel/UC-72nm3oWPVpsXmNtKfYYIQ
Mr & Mrs Darbar vlogs,https://www.youtube.com/channel/UCPheKdLCV2eUU6Zx_hPRI5Q
DAS VINES,https://www.youtube.com/channel/UCx2Sqn0S1KeVY9indFxfzNg
RB ki Vlogs shorts,https://www.youtube.com/channel/UCggnz1_7BOq_nbeyx6qvSSw
Vrundavan Gir Gaushala,https://www.youtube.com/channel/UCWHOq0gCltm7-S6FGLiQ8XQ
Neet is world ,https://www.youtube.com/channel/UCj3jhrA7S9Q8XeOiJEuJHfQ
venpeX,https://www.youtube.com/channel/UCU1DCDicanSkaRFJaUEhugw
Deeps turbanator's,https://www.youtube.com/channel/UCH-ouesbQueqPaHQfOUjCCQ
LAZY VICTOR,https://www.youtube.com/channel/UC1jg71BdbmSfZDUhmgEt9FQ
thakurgarvsinghrajput,https://www.youtube.com/channel/UCFpwmY5HDp3vC8x2yHhxXow
boletoneha vlogs,https://www.youtube.com/channel/UCa1FPuqHg2xhd-28eggK9Rw
Cook With Dona,https://www.youtube.com/channel/UC_krbytVirCWF5XMMKYTMnQ
RajuPunjabilve,https://www.youtube.com/channel/UCxaHcu-bdcUdcv2btt53dIg
Vlogger Narayan,https://www.youtube.com/channel/UC9JindzW_v5criTdgURp5AA
STARK GFX,https://www.youtube.com/channel/UCUrCs8QIiCSkN4M1iiF0etQ
Gurukulplus,https://www.youtube.com/channel/UCwNmlNjr3LXNdkBfxZ2Z49g
I-Toyverse&Games,https://www.youtube.com/channel/UC8rgO17Kq5Nn0UOFf6SdMeQ
Subscribe or next day you will Die,https://www.youtube.com/channel/UCWFPjPWcn6bZnR86PpF9mCA
Pump-it-Up Zone,https://www.youtube.com/channel/UCpoX1TOZ1Y0SabXcCrRoKUw
Raj Fun Yt,https://www.youtube.com/channel/UCjG6fDTAGeuraG_p5HhgBMA
KINO_ANIME_EDITS_,https://www.youtube.com/channel/UCXOkMieSzC2tDBvL-q2Iz3Q
mom status,https://www.youtube.com/channel/UCkGBx3W2-8WSeDL-u_-1HoA
Insane Gamer,https://www.youtube.com/channel/UCiAwoMUW5uGnY2OCovr8ocA
Sweta Ekka Vlog,https://www.youtube.com/channel/UCzKna0V8h1GvGVV2olUIEkA
Kimig George,https://www.youtube.com/channel/UCHk8MqDR47SkgOOjdoqQclA
ùôçùôöùôóùôöùô©ùôìùôïùô§ùô£ùôö ùôÇùôñùô¢ùôûùô£ùôú,https://www.youtube.com/channel/UCP4fWOXwvsb45lLOvGnivDQ
CrossFitcluB,https://www.youtube.com/channel/UCSywkoKMvG2JIuTUSX5ZtWA
RJ Minds,https://www.youtube.com/channel/UCGdIzingEI8ibX_JBKErxsQ
mohammad iliyas,https://www.youtube.com/channel/UCVeD0s-c3Us-6ieAg71xHSQ
Gyaan-Du,https://www.youtube.com/channel/UCwbkNAH62_rGBg7ahb7TXpw
Salman Malik,https://www.youtube.com/channel/UCAyBF6k9EaSaJ9u3JF8ofww
Xtec2.0,https://www.youtube.com/channel/UCEOcKuOAWumcwDQl3VAPiSQ
YUVI MEENA VLOGS,https://www.youtube.com/channel/UCYp7t1f8VioP26Epf-gky3A
@sameer_fitness06,https://www.youtube.com/channel/UCIP-e9XhQTF7GbZrfcXpguw
NITTU_FF,https://www.youtube.com/channel/UCoqxcihE7aEt_JwhqHnMRpw
Creative Mind 1.0,https://www.youtube.com/channel/UC7UkYbtnLjw64EZBFG4JQVw
"Aarzoo,IIIT-B",https://www.youtube.com/channel/UClFxYHHykViVjthKmtlmi9w
Manisha Karmakar,https://www.youtube.com/channel/UCT3TSwLLzogmaLgdF39G5EQ
sharwan_singh_bhati_sinduka,https://www.youtube.com/channel/UCSVV7v1Y7cU3Ziug0Vb79Zw
Mr Deals,https://www.youtube.com/channel/UCA2oYnj6tfCP22N7FIaJc7A
curios vibe,https://www.youtube.com/channel/UCXg6wVX9r4OkmAnaqOoegSQ
Mr raj renzo,https://www.youtube.com/channel/UCvCcEgVU4O5aitdVG_E3sDA
 ô·¥°‚òÖ·¥ò·¥úÍú± ú·¥ã·¥Ä Ä,https://www.youtube.com/channel/UCIllIE_Sbk3h39WWz4A58rw
Doctors HS,https://www.youtube.com/channel/UCJB8IeOB23spYPpJHx4xKMQ
WildestVlogger2.0,https://www.youtube.com/channel/UClFUeVywCJJy2xn_SQsugWQ
Damn_D _Hob,https://www.youtube.com/channel/UCC7ox3qQ2AAdTIFjvF0BqNg
Dhruv Mishra,https://www.youtube.com/channel/UCyKOHaJ4kz73emFupuQk8tw
X M‚àÜSUP BE‚àÜT,https://www.youtube.com/channel/UCZNvz8bsJ7giQacLumsUlGw
The  ACE,https://www.youtube.com/channel/UCk9oxXOzXVP5lf8arQ-0MQA
Sameer Dey,https://www.youtube.com/channel/UCVtzC3W6w4LuNlvE0ETEG3w
Meer Emraan,https://www.youtube.com/channel/UCDMxjlxzdjbeBsQeo5egHqg
 Marketing Boy,https://www.youtube.com/channel/UCVo1RXfUIiXZm8jNtcrrt-Q
Ziddi vlogger shorts,https://www.youtube.com/channel/UC9_S2UZTduBDA08bu5-31Nw
tricks technical,https://www.youtube.com/channel/UC6lJ9nDziNBGmVXvqJKdkjQ
Smart Boy,https://www.youtube.com/channel/UCEdB212oGIPOxmccu1ZnSDg
danger den vlogs 89,https://www.youtube.com/channel/UC59Q0HBPcoblrqP_a8ElCOg
@char chhapri vlogs,https://www.youtube.com/channel/UCzWSRbFTJFOr8sjjMkpSdhQ
Monu Chaudhary,https://www.youtube.com/channel/UC3PwD093CsVsuRFHKnWTBLw
Bbulls vs Bears,https://www.youtube.com/channel/UCtdsgH440Hh4Zt7IUGb2laQ
THOMAS AWM,https://www.youtube.com/channel/UCcFvvK0IAWaNqyU8_Po5jBQ
Ashish funny video,https://www.youtube.com/channel/UCu1IRl91wN9IkAiCNziqV0A
PremSager786,https://www.youtube.com/channel/UCvFgJxk_qHMe8g3y1lktvmg
The kabir Gaming 3532,https://www.youtube.com/channel/UCK2HZOcoB1QpuoP7DiAaDmw
Achal,https://www.youtube.com/channel/UCfuvfI1K3qt3G0apV7MEV5A
ChaudharyVlogs,https://www.youtube.com/channel/UC6S1BrtSHG7THYfdKkacnhw
Sandeep Yadav Vlogs,https://www.youtube.com/channel/UCzw4NvtHsef-AxSLmO-I3Fw
Shubham salame 750,https://www.youtube.com/channel/UCuLiHsfAiK6Rjf02LZSeIjQ
top respect,https://www.youtube.com/channel/UC6GbBv0EyKoPc5VL-iBlktg
Ziddi Vlogger,https://www.youtube.com/channel/UCSkaF49lXPM1lVSLhJfibSg
SAHIL 2.0,https://www.youtube.com/channel/UCR30SnHQ-Tk-sW_Xwpnaxfg
CHOSPA Ladakhüë£üë£,https://www.youtube.com/channel/UCRPAxHTuOvFUaBRhrWxKIgw
DEVRAJ MAHAR,https://www.youtube.com/channel/UCJH7QJirjD95WnNVIqxZbEg
Angel‚Äôs Kitchen,https://www.youtube.com/channel/UC0Y2hFSD99tkL2orUz7A6cA
Creator Rakesh,https://www.youtube.com/channel/UCdQ2hg4ZxYDif20jJMvEvCg
ZIDDI VLOGGER,https://www.youtube.com/channel/UCHSDFcqgfX_wYPG3LTom9ZQ
Bishnupriya sahoo,https://www.youtube.com/channel/UCou2Nbam_3DH8-bJc1EteCw
Neelam Jain Vlogs,https://www.youtube.com/channel/UCiKNpXCWeuWf-KDGs7i6hcw
Kishan Ankur Photography,https://www.youtube.com/channel/UCBqZVcmd04wNnG6AH3zmzpQ
"üñåÔ∏èùêÄùê´ùê≠ ùêõùê≤ ùêÄùê´ùê≠ùê¢ùê¨ùê≠
üé®",https://www.youtube.com/channel/UCRymAIn_O5COizGQVKJCEZA
Patna Memes,https://www.youtube.com/channel/UCgKGbJzPl4Jn0fBxw681fQA
DS ADVICE,https://www.youtube.com/channel/UCRqQUVZet03cMMTWjqVBfWA
Mahatha Status,https://www.youtube.com/channel/UCRMrTkPQHHh9WJ_APWwmusg
Yashraj____,https://www.youtube.com/channel/UC74yKHU76hHEuiE17VBcMJA
Pintu Rider,https://www.youtube.com/channel/UCeuUVr-HzuyEuCdtXEEB71w
Daksh GHAI,https://www.youtube.com/channel/UC2o0WZjzJ7JgH39jtcVAHUA
SSK Chaurasiya Ji,https://www.youtube.com/channel/UCF13Qgm1U2xjGdFJ3p6wvVA
Pretty By heart,https://www.youtube.com/channel/UCFNBlbmV-pOVEL2TTxLxaew
slowedreb,https://www.youtube.com/channel/UC4KSAov6SafGfW9zOFoI5Mw
Mr deepak,https://www.youtube.com/channel/UCAraiqPdiW9G1DZTa7km06g
Almas Shaikh,https://www.youtube.com/channel/UCSXEq4Xpgiz8hJinCN5LH3Q
T-PRINK,https://www.youtube.com/channel/UCy7QEOdNl61sFbXCbryI3Ew
RIDER ANIL RAWAT464,https://www.youtube.com/channel/UCNMRDiqf_ry-N45u2vjM2sw
Learn N Prep - Bank Exam,https://www.youtube.com/channel/UCqP1A5gS-waF63-3LoKhVAQ
Crazy Box,https://www.youtube.com/channel/UCI11aq8M8MsYabIOyurjVvQ
Asma Khanam,https://www.youtube.com/channel/UCdX_KVt0S-B0wvVCPHwmRwg
Priyansh lifestyle ,https://www.youtube.com/channel/UCiio3uKnlQZjRcB-zuOBTBg
harsh gamer YT,https://www.youtube.com/channel/UC0P6Ry41-HrKGq1Wxs-1A9Q
Titan MINGLE,https://www.youtube.com/channel/UCx-X0TzUijJUD-LOqD9TceQ
crazy fishing samad patel,https://www.youtube.com/channel/UCfcKEKeTVIKI3--NzqqoaIw
Yt Shorts video,https://www.youtube.com/channel/UCtLu6W90EA2L5f-JyIgXw8w
Dream Land,https://www.youtube.com/channel/UCiZIknJcGc9_tkc9zYrW9fQ
Telly Switch Official,https://www.youtube.com/channel/UCa1SlqlFmY1RVMAimKEz_dg
Bongguyrahul,https://www.youtube.com/channel/UCWmVH7BJYE3KIiRFdMDlWXw
VillainXnoctur,https://www.youtube.com/channel/UCvFVThW3M3M1zBWoXAYZ4hA
Ziddi Vlogger,https://www.youtube.com/channel/UCSkaF49lXPM1lVSLhJfibSg
SAHIL 2.0,https://www.youtube.com/channel/UCR30SnHQ-Tk-sW_Xwpnaxfg
CHOSPA Ladakhüë£üë£,https://www.youtube.com/channel/UCRPAxHTuOvFUaBRhrWxKIgw
DEVRAJ MAHAR,https://www.youtube.com/channel/UCJH7QJirjD95WnNVIqxZbEg
CHOSPA Ladakhüë£üë£,https://www.youtube.com/channel/UCRPAxHTuOvFUaBRhrWxKIgw
DEVRAJ MAHAR,https://www.youtube.com/channel/UCJH7QJirjD95WnNVIqxZbEg
openin app,https://www.youtube.com/channel/UCIKfxIsNOCrgkrF6KbJqXEQ
Angel‚Äôs Kitchen,https://www.youtube.com/channel/UC0Y2hFSD99tkL2orUz7A6cA
Creator Rakesh,https://www.youtube.com/channel/UCdQ2hg4ZxYDif20jJMvEvCg
ZIDDI VLOGGER,https://www.youtube.com/channel/UCHSDFcqgfX_wYPG3LTom9ZQ
Bishnupriya sahoo,https://www.youtube.com/channel/UCou2Nbam_3DH8-bJc1EteCw
Arman_vlogs_09,https://www.youtube.com/channel/UCsg_lRB0twacbHtihbzKdBg
Neelam Jain Vlogs,https://www.youtube.com/channel/UCiKNpXCWeuWf-KDGs7i6hcw
Kishan Ankur Photography,https://www.youtube.com/channel/UCBqZVcmd04wNnG6AH3zmzpQ
"üñåÔ∏èùêÄùê´ùê≠ ùêõùê≤ ùêÄùê´ùê≠ùê¢ùê¨ùê≠
üé®",https://www.youtube.com/channel/UCRymAIn_O5COizGQVKJCEZA
Patna Memes,https://www.youtube.com/channel/UCgKGbJzPl4Jn0fBxw681fQA
DS ADVICE,https://www.youtube.com/channel/UCRqQUVZet03cMMTWjqVBfWA
Mahatha Status,https://www.youtube.com/channel/UCRMrTkPQHHh9WJ_APWwmusg
Subbhankar Pal,https://www.youtube.com/channel/UC6dex0UKATJFAp_qPJy6jbw
Yashraj____,https://www.youtube.com/channel/UC74yKHU76hHEuiE17VBcMJA
Pintu Rider,https://www.youtube.com/channel/UCeuUVr-HzuyEuCdtXEEB71w
Daksh GHAI,https://www.youtube.com/channel/UC2o0WZjzJ7JgH39jtcVAHUA
SSK Chaurasiya Ji,https://www.youtube.com/channel/UCF13Qgm1U2xjGdFJ3p6wvVA
slowedreb,https://www.youtube.com/channel/UC4KSAov6SafGfW9zOFoI5Mw
Jay Trailblazer,https://www.youtube.com/channel/UCsrOW9xzek1lmYD9hdh--cg
board exam,https://www.youtube.com/channel/UCwrPhEJYjvX9ctoHlMH6BkQ
Mohit Panara,https://www.youtube.com/channel/UCDSI2FV5t-1sEnZdnEUtizw
The Trailblazer,https://www.youtube.com/channel/UCP4Vwz51Y1ogjShDgmFHilw
alwaysharisht,https://www.youtube.com/channel/UCLF-mlcqVV88h39dhiDXo3A
Top10 Motivation,https://www.youtube.com/channel/UCok8mmdFSd3TFr-8iB5I3CA
Business10x,https://www.youtube.com/channel/UCHzTQyDFHvXO-JEMQSoAs4g
sahukara ke vlogs,https://www.youtube.com/channel/UCE2emdwwiQZXJPMpM9wmUXQ
DV Vlogs,https://www.youtube.com/channel/UCNmq1fWmYYTW9XE7ft6pBBg
ROHAN's Vlog,https://www.youtube.com/channel/UCDvlzj6SHixXKQsbamJ9yoQ
viral Roy,https://www.youtube.com/channel/UCD5Pyi4oUxIj_PBIae1tOmQ
Blacksmith workshop,https://www.youtube.com/channel/UCcJHTYi1yZLjJj5wzHCqSEQ
UTKarma,https://www.youtube.com/channel/UCzEh8VZ-v3awYpOmNC870oQ
Rahul Bong Guy,https://www.youtube.com/channel/UCo0vE_60SGSHgwt3BXwbYZA
ùêáùêå ùêÇùê´ùêûùêöùê≠ùê¢ùê®ùêß ùêáùêûùê¶ùêöùêßùê≠,https://www.youtube.com/channel/UCH7XbfJIFFkaiwj80HQgTsA
Dynamite Cuber Hitesh,https://www.youtube.com/channel/UCgSyMkljMth9XxWXuHVcKLg
job info,https://www.youtube.com/channel/UCte-Fa4jZ3b7vy3kHjhw7Yw
OPTION KIDA ( STOCK MARKET ),https://www.youtube.com/channel/UCqUqTJvEUaWKWO2fuhY8Eww
GURJAR1916,https://www.youtube.com/channel/UCYvJnsL5LVJP-kPx1YcSVSw
Athira FF,https://www.youtube.com/channel/UCr_c3BOP59OuzUEeHmmSMEg
Mr. Tatawat,https://www.youtube.com/channel/UCDg_WabGylRnrfA4RhQTzJg
BS2K VLOGGER,https://www.youtube.com/channel/UCcSzwAo6Y9XpMG1vO8hXAAg
ANOK'S TRADE ,https://www.youtube.com/channel/UCoAQY0G56kOpqWQG9WkvXPA
crazy feku,https://www.youtube.com/channel/UC2HFeCnEz37kHlaC39ENtvw
Haidar khan,https://www.youtube.com/channel/UCL-4yGgR0x2NK9CGgZ2RdzQ
Vinayak B,https://www.youtube.com/channel/UC9XQMbdkMwqttwhtT-XkE8Q
amaredits,https://www.youtube.com/channel/UCN7HAI8m_aF6EXHAA9OCQIw
Jyotsna Mehandi Art,https://www.youtube.com/channel/UCEKSBEMu9Lk2QyXv4mCRMDg
ALL ROUNDER VJR,https://www.youtube.com/channel/UCYgo-knv6jmWqqxbc60ayVQ
avmanew pandey 150,https://www.youtube.com/channel/UCzoyhIfE2MmhiLp2U7aCF8Q
Umar Shaikh,https://www.youtube.com/channel/UCdDqZyuWi6Y640BBl_0osCQ
Manjari Nayak,https://www.youtube.com/channel/UCp79w3Wsh9XWIeUZSVkCAHQ
NIL,https://www.youtube.com/channel/UCh2nTzDQER-iqv2yXuX635w
Omkar31Vlog,https://www.youtube.com/channel/UC1QOrWMas6NBMCuvxdRFhfA
krithi.shetty.officiial,https://www.youtube.com/channel/UCJ8kzyRQn6mdpwzDi6NxLSg
Jay Trailblazer,https://www.youtube.com/channel/UCsrOW9xzek1lmYD9hdh--cg
board exam,https://www.youtube.com/channel/UCwrPhEJYjvX9ctoHlMH6BkQ
Mohit Panara,https://www.youtube.com/channel/UCDSI2FV5t-1sEnZdnEUtizw
The Trailblazer,https://www.youtube.com/channel/UCP4Vwz51Y1ogjShDgmFHilw
alwaysharisht,https://www.youtube.com/channel/UCLF-mlcqVV88h39dhiDXo3A
ALOK CREATION,https://www.youtube.com/channel/UCkY7b1cyHFcuKPgjnjEJBZw
Matrushwar Dodmani,https://www.youtube.com/channel/UCjuevY7UxQO0Wr7O2CoFlKg
CRAZY FLIP SCIENCE,https://www.youtube.com/channel/UCSJ29nBTJdVbgcA9GJRLvfw
TrippyLife,https://www.youtube.com/channel/UCbdVYXGZdENLqx0_DUgdDEQ
ùëπùíÇùíâùíñùíç ùíåùíâùíÇùíìùíÇùíÖùíä ùíóùíçùíêùíàùíî,https://www.youtube.com/channel/UCJOeCRcgTm2E-bN1Yh5631w
BSE_Bull_Fighter,https://www.youtube.com/channel/UCzgYRG3wF9HkYHCpxy9I5Dw
Vijay Bhai82,https://www.youtube.com/channel/UCMk2FoHulM3THHc-yGHZ2eg
Kubit Nishad,https://www.youtube.com/channel/UCMfOdn09gO-ETN0qJL1BDsw
THE_CMD_,https://www.youtube.com/channel/UCqBql7Q1tdTJO0jjGpZQ-XQ
AR SHORTS,https://www.youtube.com/channel/UC4Urz79QBIEvkoU9EpT2P4A
ùêçùêÑùêÑùêì ùê§ùê¢ ùêèùê°ùê≤ùê¨ùê¢ùêúùê¨ ,https://www.youtube.com/channel/UCQVu59ekftYeplCeF6lUr8Q
Arpitadalia,https://www.youtube.com/channel/UCo9kElid892OzSmKlooc6Tg
ikka alok,https://www.youtube.com/channel/UCAYaKFig88eszRtAIjJ3SRA
New Rathod Channel,https://www.youtube.com/channel/UCemmNn80zP-Cc5swGjxeLrQ
Deepa Upreti Official,https://www.youtube.com/channel/UCS6YM_wsixjNcmVjiQrmM7w
Parizad goat farm üöú,https://www.youtube.com/channel/UC-TqNBww9PhEQqmWi5G38fg
Rajeev Bochalya,https://www.youtube.com/channel/UCJ0pnYyQIGZQgYKyf5dN28g
WORLD OF JAGU,https://www.youtube.com/channel/UCwckfgqrUw6JyYK8mfdZ2UA
Hare Krishna Ji,https://www.youtube.com/channel/UCZqNei08xSj62uA_i1nOkPQ
Chirag Yaduvanshi Vlogs,https://www.youtube.com/channel/UCMfWfVzDkWLz41QpytkV_gg
Kumar Suresh,https://www.youtube.com/channel/UCEf1sOr9WOGKnX3KDnfBIhg
SIRAPPU DA,https://www.youtube.com/channel/UC20PQhUOU9IxdDQeNdJbUGA
Prachi Birla Vlogs,https://www.youtube.com/channel/UCVqNdOHhSzb7lPLlC96lmdQ
Yogiraj Chaudhary Vlogs,https://www.youtube.com/channel/UC5CJPoZRcUbCLYxDdckbOsg
‡§Æ‡§æ‡§∞‡§µ‡§æ‡§°‡§º‡•Ä ‡§õ‡•ã‡§∞‡§æ,https://www.youtube.com/channel/UCgVBjXOmnfH58XYsQYKsyVw
rajauriya_himanshu_,https://www.youtube.com/channel/UCGuSVdI1d-HrepJVcE5re6w
Ayusree Shorts,https://www.youtube.com/channel/UCX0F0z99bX9JNXgiLh3gpXQ
Aman Gupta,https://www.youtube.com/channel/UCjUinuOKKNBWYCn98UuamGQ
Sree Sree Thakur Anukul Chandra,https://www.youtube.com/channel/UC0yiCSKa78nHh_MTmhK7M1w
gulzar Motovlogs,https://www.youtube.com/channel/UCSMkLdn7HjR7QUfOur2-AFA
veer_yadav,https://www.youtube.com/channel/UCOJuacrIyimhB1GhTjAe4lA
1.13.7.officialminama,https://www.youtube.com/channel/UCltKw5fEaXMoB02NnQ27Iow
Superhit Chaudhary,https://www.youtube.com/channel/UCflsDdLCdhKjL4w_pAI2rQw
TaraUddin,https://www.youtube.com/channel/UCFEsO7BV9wNXWlh95nigFDA
Ride With Pride,https://www.youtube.com/channel/UCiRIsMKRG4gE4SCySZASVLA
Pratik Bhavsar,https://www.youtube.com/channel/UCIV5bigzCahD8WFhufMmeQg
Sheikh Hasinaz World,https://www.youtube.com/channel/UCpP6p75F6l-hEQqMfZ2ETQg
ALOK CREATION,https://www.youtube.com/channel/UCkY7b1cyHFcuKPgjnjEJBZw
Athira FF,https://www.youtube.com/channel/UCr_c3BOP59OuzUEeHmmSMEg
Matrushwar Dodmani,https://www.youtube.com/channel/UCjuevY7UxQO0Wr7O2CoFlKg
G love editing ,https://www.youtube.com/channel/UCFmUuJNIgxHKqzs3cpCablA
# Nikhil bhai 786,https://www.youtube.com/channel/UCnHYxF16AylE9LGjNy54ynw
GetTrading ‡∞§‡±Ü‡∞≤‡±Å‡∞ó‡±Å,https://www.youtube.com/channel/UCV-QA5mN_rbXvjMsGDKUrTg
@divyanaik,https://www.youtube.com/channel/UCQ7QFRQybKCeW-g89E__OpA
tùóµùóÆùóøùó∏ùó∂  insaan,https://www.youtube.com/channel/UCUnj4koaWO9V6xNoYSp8sGg
Live Support Axom,https://www.youtube.com/channel/UCoL51OqhcoRWG1_r79M-RDw
pahadimusicuk,https://www.youtube.com/channel/UCsNEMagLRbP6p4gQVX0aQvQ
Beast Shorts,https://www.youtube.com/channel/UCIFZzBWfcGtXi1iB_jxoCPA
"Faiz Studio ‚Ä¢ 234k ‚Ä¢ views ‚Ä¢
2 hours ago






...",https://www.youtube.com/channel/UCP7y8r17tU_hN00llhaocnw
Sumit PSR 3.0,https://www.youtube.com/channel/UCTqRUd5HXPDNvA0sGzAeGAg
Ujjawal Nayak Official,https://www.youtube.com/channel/UCne2C2WUYWtK1uBgeA11U5w
update boy sachin,https://www.youtube.com/channel/UCXOpwDXO3erGWLan_F3imgQ
The Placard Guy,https://www.youtube.com/channel/UCfT1E2feHcsZaQnj92ykPXw
JI ABHISHEK JI,https://www.youtube.com/channel/UC9YoyxZOXTeLnfLjZy2-fXQ
Rudrani Rdx,https://www.youtube.com/channel/UCitNI_p8GNWoP1d_HrVcGHg
maner vines,https://www.youtube.com/channel/UCZatVBswKNOZkFhcrNUbtWw
MT Production,https://www.youtube.com/channel/UCGO4RvGEKCh1Yeeur_-NR9w
Dynaa PlayZ,https://www.youtube.com/channel/UCV1ufP-EusOhFAbkkfZR4Eg
_officialüòâsonu_09,https://www.youtube.com/channel/UCkwQnMg5FTWKvSYIQJwXWQg
MP Vlogs,https://www.youtube.com/channel/UC0jmLQ29eW7bb_DZjoNwtrA
PAVANRAJA040,https://www.youtube.com/channel/UCeA05c3EV9CzNysCokBkBGw
janapada  nk  loka,https://www.youtube.com/channel/UC65bqXbFuLfgGQl59Ob6lXQ
Sakib Khan,https://www.youtube.com/channel/UCGwvdb3Ukz-KNl8dSgDtOPg
Om Raj123,https://www.youtube.com/channel/UCcvrFDbJrTE4ZtZWUUBiXqg
Trading with Groww,https://www.youtube.com/channel/UC9o1F_8M5B1hZ00posMaY0g
muskaan doll,https://www.youtube.com/channel/UCGf1VjWj_0WawS4crjtqNNg
Suraj kumawat DZ,https://www.youtube.com/channel/UCYLHWSykWVj7UVJg6cw3gsg
CHRIST ACADEMY OF COMPUTER AND TECHNOLOGY,https://www.youtube.com/channel/UCDyCmLh36eX8xmO-CrlqGFg
ùóîùó°ùóúùóûùóòùóß ùó†ùóîùóûùóîùó†üí´,https://www.youtube.com/channel/UCxKeCdgd49_W8nTnNPi6VVw
Gogo&Rio,https://www.youtube.com/channel/UC0CyABRDE4q-PgaUrXtAMhA
# Nikhil bhai 786,https://www.youtube.com/channel/UCnHYxF16AylE9LGjNy54ynw
GetTrading ‡∞§‡±Ü‡∞≤‡±Å‡∞ó‡±Å,https://www.youtube.com/channel/UCV-QA5mN_rbXvjMsGDKUrTg
Live Support Axom,https://www.youtube.com/channel/UCoL51OqhcoRWG1_r79M-RDw
PK ALONE EDITX 02,https://www.youtube.com/channel/UCSJ0kkfj9OsOpt-H6KBfaoA
"Faiz Studio ‚Ä¢ 234k ‚Ä¢ views ‚Ä¢
2 hours ago






...",https://www.youtube.com/channel/UCP7y8r17tU_hN00llhaocnw
Sumit PSR 3.0,https://www.youtube.com/channel/UCTqRUd5HXPDNvA0sGzAeGAg
Ujjawal Nayak Official,https://www.youtube.com/channel/UCne2C2WUYWtK1uBgeA11U5w
STORM 400,https://www.youtube.com/channel/UCIT7rx8W4hxruHVxM0kO8Xg
update boy sachin,https://www.youtube.com/channel/UCXOpwDXO3erGWLan_F3imgQ
LOVE__STATUSZ,https://www.youtube.com/channel/UCkGxmwxd4IbD32sj-dWy5aA
Gaming 057,https://www.youtube.com/channel/UCD2E4e8BzeFuuTCUu2-wqNA
update boy sachin,https://www.youtube.com/channel/UCXOpwDXO3erGWLan_F3imgQ
Rudrani Rdx,https://www.youtube.com/channel/UCitNI_p8GNWoP1d_HrVcGHg
JI ABHISHEK JI,https://www.youtube.com/channel/UC9YoyxZOXTeLnfLjZy2-fXQ
LOVE__STATUSZ,https://www.youtube.com/channel/UCkGxmwxd4IbD32sj-dWy5aA
tùóµùóÆùóøùó∏ùó∂  insaan,https://www.youtube.com/channel/UCUnj4koaWO9V6xNoYSp8sGg
maner vines,https://www.youtube.com/channel/UCZatVBswKNOZkFhcrNUbtWw
Beast Shorts,https://www.youtube.com/channel/UCIFZzBWfcGtXi1iB_jxoCPA
MP Vlogs,https://www.youtube.com/channel/UC0jmLQ29eW7bb_DZjoNwtrA
pahadimusicuk,https://www.youtube.com/channel/UCsNEMagLRbP6p4gQVX0aQvQ
MT Production,https://www.youtube.com/channel/UCGO4RvGEKCh1Yeeur_-NR9w
PS Technical,https://www.youtube.com/channel/UCrhkEQSFb7kamo8V-EqnhlQ
Paras studio,https://www.youtube.com/channel/UCxX6ZrcxFaggg8w6vC4rbnA
Himanshi Jangra,https://www.youtube.com/channel/UCWIw44neUzIkerGcMMZ3CnA
GURUKUL,https://www.youtube.com/channel/UCYqCLYpU3kVkPaCXyC0RpGw
Gupta tech gyan,https://www.youtube.com/channel/UCJY8Ma9G0yWsf1i6rKPvxiQ
CG BASS BOOSTED,https://www.youtube.com/channel/UCmthCWVmFtwFntpV22_qH4g
Esshanya S Maheshwari,https://www.youtube.com/channel/UCZwU4LZHO1xY4RHdjtBWGhA
The Placard Guy,https://www.youtube.com/channel/UCfT1E2feHcsZaQnj92ykPXw
A.P Music Nagpuri,https://www.youtube.com/channel/UC4ZaoVwCRxgGQEgYYHAZclw
The Placard Guy,https://www.youtube.com/channel/UCfT1E2feHcsZaQnj92ykPXw
A.P Music Nagpuri,https://www.youtube.com/channel/UC4ZaoVwCRxgGQEgYYHAZclw
Tapas Paul,https://www.youtube.com/channel/UCXEL88Ef6z2al7oBGwEm4nA
Raka Patil,https://www.youtube.com/channel/UCLD4qxy-ktGcL2Z_tcRuU5A
komal khamkar,https://www.youtube.com/channel/UCAbaFL4OZnQ_i1vD8WE8kaA
@Raman Official,https://www.youtube.com/channel/UC9q6S0LOskNrOCGLgpn-jzA
Dynaa PlayZ,https://www.youtube.com/channel/UCV1ufP-EusOhFAbkkfZR4Eg
Unknown Facts,https://www.youtube.com/channel/UC66SfXp0Zm3zqVBumq0dAIg
Multi video channel,https://www.youtube.com/channel/UCCLgHybP2B8fOMllVGTGC9Q
_officialüòâsonu_09,https://www.youtube.com/channel/UCkwQnMg5FTWKvSYIQJwXWQg
space Technology,https://www.youtube.com/channel/UCJ0pzsD5JF4RWsF2jP6nymQ
Barkha Paswan,https://www.youtube.com/channel/UCxrrzOZA73EyTQpqLnrWXcA
CG k Fitness,https://www.youtube.com/channel/UCVV7sMUSwpFtBimo3hdcfPQ
Love Kataria,https://www.youtube.com/channel/UCJda2-sh1bFMI2vBaBw7QVA
meme puram,https://www.youtube.com/channel/UCe_WYj2PYAnSAwvTqMZku-A
QasiMusic,https://www.youtube.com/channel/UCuPeloOqT7k7X3cT8XsCHsg
Nishu vlog Nv,https://www.youtube.com/channel/UCGFDGVPNZ-iXfHU5A4c8Pfw
Technology GD,https://www.youtube.com/channel/UCeADRpLwZOdpphu_cyXRaLA
DINU PATODI,https://www.youtube.com/channel/UCidNiDptTtll2PTpVGN2XEg
‡®ï‡®Æ‡®≤‡®ú‡©Ä‡®§ ‡®∏‡®ø‡©∞‡®ò ‡®∏‡®∞‡®æ‡®Ç,https://www.youtube.com/channel/UCfLe1xx4grNmOJajTrs_gHA
Tapas Paul,https://www.youtube.com/channel/UCXEL88Ef6z2al7oBGwEm4nA
Unknown Facts,https://www.youtube.com/channel/UC66SfXp0Zm3zqVBumq0dAIg
_officialüòâsonu_09,https://www.youtube.com/channel/UCkwQnMg5FTWKvSYIQJwXWQg
@Raman Official,https://www.youtube.com/channel/UC9q6S0LOskNrOCGLgpn-jzA
BIPMaithili superstar,https://www.youtube.com/channel/UC42MBj8u0xX3a6Yb4APw1eg
PRADEEP DANCE CLUB,https://www.youtube.com/channel/UC8iuguqlZgJQ4CGKFWgns1g
Meghraj adiwasi,https://www.youtube.com/channel/UC8XDyLu2GZ1sH8sHWbngiGg
Multi video channel,https://www.youtube.com/channel/UCCLgHybP2B8fOMllVGTGC9Q
CG k Fitness,https://www.youtube.com/channel/UCVV7sMUSwpFtBimo3hdcfPQ
QasiMusic,https://www.youtube.com/channel/UCuPeloOqT7k7X3cT8XsCHsg
Nishu vlog Nv,https://www.youtube.com/channel/UCGFDGVPNZ-iXfHU5A4c8Pfw
Chaturvedys.,https://www.youtube.com/channel/UC9xZ4-d1kNbR4tYeOd1qJvg
DINU PATODI,https://www.youtube.com/channel/UCidNiDptTtll2PTpVGN2XEg
üôè.JAY_MELDI_MA.üôè,https://www.youtube.com/channel/UCGdefOn-RgFuM1lQPXtiGFw
Technology GD,https://www.youtube.com/channel/UCeADRpLwZOdpphu_cyXRaLA
‡®ï‡®Æ‡®≤‡®ú‡©Ä‡®§ ‡®∏‡®ø‡©∞‡®ò ‡®∏‡®∞‡®æ‡®Ç,https://www.youtube.com/channel/UCfLe1xx4grNmOJajTrs_gHA
Titania Tactics,https://www.youtube.com/channel/UC-79JhTnUv5a4wNfWqZDwXQ
Aaj Ka Mudda NEWS,https://www.youtube.com/channel/UC4qWTKbYG1I9Tbp_wgIAzxA
IndraJeet Shorts,https://www.youtube.com/channel/UC4--ryC4WCNMtFbcsWOqa7A
FOOD TREASURE 1M &VLOG,https://www.youtube.com/channel/UCiLCAAXF8-4h6hgfh7UNZdQ
SASTA GAMER YT,https://www.youtube.com/channel/UC0-5IVvEVLCByo5dS-xhn_w
Chaman Singh Uday Vlogs o,https://www.youtube.com/channel/UC86crNGLht7OONc7v99S9sA
T-REX TRADE,https://www.youtube.com/channel/UCQ7Ejj9kBcsLIEGvyVzWrAA
mr king  Raj photo editing,https://www.youtube.com/channel/UC25xDSjI4LNZDyYf7LH_HDQ
The Cyrus OfficiaL,https://www.youtube.com/channel/UCTVO_4PhGymUuhUxj_67otw
STARK GFX,https://www.youtube.com/channel/UCUrCs8QIiCSkN4M1iiF0etQ
SQUAD Z GAMING ,https://www.youtube.com/channel/UC5wFUPVzXQ4IQdbrsZF-lJw
dreamlifeone,https://www.youtube.com/channel/UC4PuQWfEZsgj71tUI1cTZag
UPSC TARGET üéØ,https://www.youtube.com/channel/UCGsug0eSSmLjmqWgxbW_u3w
EVA'S UNIQUE WORLD,https://www.youtube.com/channel/UCFQ4dTjVVQDxVRqWlpGuS3w
Comedy Hungama,https://www.youtube.com/channel/UCj4Gc3arjl8Hd3YlxEl9ilw
PIYUSH EDITZ KING,https://www.youtube.com/channel/UCn_UxcsYkuPseKxvLKfgsPQ
Anagha.,https://www.youtube.com/channel/UCYjmZVwNxEfOKoPQwAxuxiw
Huzaifa Abbasi ,https://www.youtube.com/channel/UCVCb9_x91f2WQdGvWI8pyMQ
TV24 Chhattisgarh,https://www.youtube.com/channel/UCxoAHXm1NxbI_2pUGXD3P1Q
DAS VINES,https://www.youtube.com/channel/UCx2Sqn0S1KeVY9indFxfzNg
CrossFitcluB,https://www.youtube.com/channel/UCSywkoKMvG2JIuTUSX5ZtWA
thakurgarvsinghrajput,https://www.youtube.com/channel/UCFpwmY5HDp3vC8x2yHhxXow
sana,https://www.youtube.com/channel/UCpEf0LEcGL33tEH-LFgKumg
LAZY VICTOR,https://www.youtube.com/channel/UC1jg71BdbmSfZDUhmgEt9FQ
all Masti video channel,https://www.youtube.com/channel/UCdLxU0OOMUh-Ewp7voEzmDA
bachal ka ladla,https://www.youtube.com/channel/UCnxLO07Wp3hKce5trHQg87A
mr king  Raj photo editing,https://www.youtube.com/channel/UC25xDSjI4LNZDyYf7LH_HDQ
SASTA GAMER YT,https://www.youtube.com/channel/UC0-5IVvEVLCByo5dS-xhn_w
UPSC TARGET üéØ,https://www.youtube.com/channel/UCGsug0eSSmLjmqWgxbW_u3w
PIYUSH EDITZ KING,https://www.youtube.com/channel/UCn_UxcsYkuPseKxvLKfgsPQ
ARROW üåüRJ,https://www.youtube.com/channel/UCPu4naOQymrpmpwDXLlA5kQ
The Cyrus OfficiaL,https://www.youtube.com/channel/UCTVO_4PhGymUuhUxj_67otw
T-REX TRADE,https://www.youtube.com/channel/UCQ7Ejj9kBcsLIEGvyVzWrAA
TV24 Chhattisgarh,https://www.youtube.com/channel/UCxoAHXm1NxbI_2pUGXD3P1Q
EVA'S UNIQUE WORLD,https://www.youtube.com/channel/UCFQ4dTjVVQDxVRqWlpGuS3w
Huzaifa Abbasi ,https://www.youtube.com/channel/UCVCb9_x91f2WQdGvWI8pyMQ
Bhojpuriya Rape,https://www.youtube.com/channel/UCQwj0IU66aKwT4N-r6sb2ZA
Rahul Ji markandey,https://www.youtube.com/channel/UCUIS4tjidQkeb-E3rJ1FyLg
‡§Æ‡•á‡§π‡•Å‡§≤ ‡§∏‡§ø‡§∏‡•ã‡§¶‡§ø‡§Ø‡§æ ‡§ó‡•Å‡§ú‡§∞‡§æ‡§§‡•Ä,https://www.youtube.com/channel/UC1Wumvifcoqj1278DVEuXyA
Jenine Tube,https://www.youtube.com/channel/UCjVJD2nJ2Hp5SH6PfnrduWA
Ramu_Bhai_marwadi,https://www.youtube.com/channel/UCDFVZzHdXTiO6wb3iTGCuMw
Nikkhhil Dusane,https://www.youtube.com/channel/UCVVZUPtWRHvc5zIKpQvxNCg
Sahrareal,https://www.youtube.com/channel/UC8v9822U5OydFOAKka5SJfQ
Azad Chaiwala,https://www.youtube.com/channel/UCCYKAv63OqdXsfe7nbc1gWQ
MOHIT EDITING,https://www.youtube.com/channel/UClrszXhyR5IXBRRTjHebLeA
Apple ‚Ä™‚ô°,https://www.youtube.com/channel/UCslFWrHaqM48hEfw-JMhgxg
sedamasih,https://www.youtube.com/channel/UCJF2-_u2SpMuC2YDRPIgQ3Q
XD PRABHU,https://www.youtube.com/channel/UC0N_2UyW6yr5I18fU45GbzA
DESI PEHCHAN MUSIC (punjabi ),https://www.youtube.com/channel/UCknifgfsyabeZB2XEuXDGQA
Pharmsquare,https://www.youtube.com/channel/UCfQoVjzacxqfJU1DvSCTLyw
Shekhar Meena,https://www.youtube.com/channel/UCg_y-uk9kXK8aFugul4bcZw
MONTRA GAMING,https://www.youtube.com/channel/UC5B5deLILvKrcSbRdbBeeDA
Anshu Gayakwad,https://www.youtube.com/channel/UC5aOb4f5lZqCb2TgRccyUKg
looki gamers,https://www.youtube.com/channel/UCr6F2T4zLEewzpMKSKw07UQ
HOTMENSMAG,https://www.youtube.com/channel/UCai6zRA7jZGhYI7wja_IWoQ
Ykipp,https://www.youtube.com/channel/UCaiooWKWblif90z4R4yu37g
Tiki Hosiyar,https://www.youtube.com/channel/UCS4uRyAfxsFmAjceLwYPOGw
DYNAMIC BASS BOOSTED SONGS,https://www.youtube.com/channel/UC6kx0KKWNP9JPi-Z-oVn7hg
The Trade Talk,https://www.youtube.com/channel/UCH9CSB58P7_F77539s9d_gw
TOXIC GURUJI 2.0,https://www.youtube.com/channel/UCXiHOnZXewv1bG9_C15fuJg
WE n US,https://www.youtube.com/channel/UCA5Mzfp_f4Sp_jMp74PRbPQ
React Developer,https://www.youtube.com/channel/UCJrY-VV-C7xWf1UZSq3wfwA
Abram Puttan Vlogs,https://www.youtube.com/channel/UC_kerVwmsCqY5zPi908ZpqQ
Mobalytics TFT,https://www.youtube.com/channel/UCTl4FvnqaS105dExKBY9u_Q
Wowbro Entertainment,https://www.youtube.com/channel/UCNp_duFnIcvzsaz0WG7DYeQ
OPG ANUSKA,https://www.youtube.com/channel/UCjO88eXo6IXKApTE01PvRGQ
InkART,https://www.youtube.com/channel/UCCesZfsOrR3iS2doWuvNKzw
Himanshi Jangra,https://www.youtube.com/channel/UC4HXn21YWa9Md5uq8vlmOWg
JOKER X ANIME,https://www.youtube.com/channel/UC-jqboJccHK1vP0aPPeQPaQ
Jitender Yadav,https://www.youtube.com/channel/UCuqsVmu0Fx5ex_smLNO9R3g
hredya,https://www.youtube.com/channel/UCAUMPVna7HxHAz6TYzJpElg
Nyro Film and Design,https://www.youtube.com/channel/UCNGnm8am7AdVtvSyCLlhXgQ
DesiFakes,https://www.youtube.com/channel/UCHkfBNFPJeEuc_OxBl-lJfQ
rlfact,https://www.youtube.com/channel/UC6JqsyqJq3oJvuVx5RR532g
CROSTEC,https://www.youtube.com/channel/UCjC9_ZUFV41HuU2ozH2FDsg
MrAbrar01,https://www.youtube.com/channel/UC4-Gvu_AYiCXBDw39gNTNAQ
Lamyae Filali,https://www.youtube.com/channel/UCJO4n-6scXbpKfqEV1TWC0Q
HELP DRIVE FOUNDATION,https://www.youtube.com/channel/UCflDuDODg5nI0lRWc2RzYeQ
Ashbel Peter,https://www.youtube.com/channel/UCLwCT0K_ALlt7BpHILbYjhw
Snowie Gaming,https://www.youtube.com/channel/UCoe_aj1VemvCj1q3nn6UTGQ
Shervinn,https://www.youtube.com/channel/UChF4Fc-R9myIq2JKSNDcp_w
ULHAS KAMATHE 2.0,https://www.youtube.com/channel/UCofD0loCiaGwUOPJgFcDfLg
Cine Asif,https://www.youtube.com/channel/UCQ2J_1f_MZ4VqPrhrYHjlDg
‡®∏‡©±‡®ö ‡®ï‡®ø‡©±‡®•‡©á ‡®Ü Sach Kithe Aa,https://www.youtube.com/channel/UCLxw5GyikMvuRmtON7CvyoA
ŸÖÿßŸàÿ±ÿß ÿß€åÿ±ÿßŸÜ,https://www.youtube.com/channel/UCku8CSk0zPz96mVoS89oYwg
Sejal Warde,https://www.youtube.com/channel/UCr2q8k_hFAy49MNRyNfB4uA
Sing King,https://www.youtube.com/channel/UCB-xvo-XsM3sBd6pM29l5DQ
OP. Mind Tech,https://www.youtube.com/channel/UCvLOItwd8PfJGXbSZm34Fpg
8D RS CREATIONS,https://www.youtube.com/channel/UC_-89pk50J6CRsu4R7L1BTA
Smell Guru,https://www.youtube.com/channel/UC8iiHrmBFbZu8RxOxmJAXGg
Dhanbadian,https://www.youtube.com/channel/UCDcL5IKFUNOhWRQCdM65E6Q
EnoughAbhi,https://www.youtube.com/channel/UCrWb1EmVOXxX1VUYekcjRvg
I am NAiTIK,https://www.youtube.com/channel/UC1ZL7gppY-fQvSc8j84TMug
Munawar Faruqui,https://www.youtube.com/channel/UCtpcNZCs90APoGPr603AEqg
Delish Kitchenette,https://www.youtube.com/channel/UCoKFmz9VObXi_WqNt3sbnZQ
Neda Org,https://www.youtube.com/channel/UCOhONQu_58otp7BHsFy1ZHw
DeadGrenade,https://www.youtube.com/channel/UCUk2RNwo_VimHd6drGhjl3Q
Jaigo Gill,https://www.youtube.com/channel/UCcHptRHnLtvF9swMoiSQ8jA
diary of a romantic readerüå∑,https://www.youtube.com/channel/UCCDXUxN9kraKf4dFx4xhXeQ
StyleRug ,https://www.youtube.com/channel/UCae8c5SRreYvYrnpTpAMChA
Monsieur3D,https://www.youtube.com/channel/UCiiy4R6jL2JIWtuv5XPUSyw
booksinveins 2.0 ,https://www.youtube.com/channel/UCjPH7eEjNGlQgDSBtMNnJvA
Tele Medical Education,https://www.youtube.com/channel/UCAKyuZvdMPuOj5VDDNRJyzQ
zalem_yt,https://www.youtube.com/channel/UCznBVy_xBjuY9Vv_pkDbH3w
Monsieur3D,https://www.youtube.com/channel/UCiiy4R6jL2JIWtuv5XPUSyw
booksinveins 2.0 ,https://www.youtube.com/channel/UCjPH7eEjNGlQgDSBtMNnJvA
zalem_yt,https://www.youtube.com/channel/UCznBVy_xBjuY9Vv_pkDbH3w
Golden plus,https://www.youtube.com/channel/UC7TNh_X7tblBLGhprPxcTNA
Amesha G Production,https://www.youtube.com/channel/UCArBNMFQ7JNx0cYbuN_Hcjw
INCOGNITO MI,https://www.youtube.com/channel/UC-ZEp1tMiNwnI5dy6skuGkg
Duo Diaries,https://www.youtube.com/channel/UC-TY15jjiWFXuISlVGNRz4Q
Ganpati Bappaa Morya,https://www.youtube.com/channel/UCuPnpWh0VhEi9jWvWrsNxLw
meghna vats,https://www.youtube.com/channel/UCSBz72J9k7Uj40Knxw6Xb0A
roufdq_,https://www.youtube.com/channel/UCd97u_TCHx9aQ_qSjMoHEFQ
SP Mobile Ftw,https://www.youtube.com/channel/UCcCbALgSxvuZ6ehpcZ1wSFA
DARKKIL FF,https://www.youtube.com/channel/UC3VhiJJPyx_W571B8R7gT-g
Bhavika Jadhav,https://www.youtube.com/channel/UCCpBSzXK5y137-ptTOu7znw
Sofia Pubg,https://www.youtube.com/channel/UCmMfRj8FvDRF7mpiBBo1E7Q
Awesome Mehar,https://www.youtube.com/channel/UC9qt6nKcoTMABfcPV9vSstg
URFM,https://www.youtube.com/channel/UCDjcI6A8IHpHjk9q-PMMI3g
KHENG,https://www.youtube.com/channel/UCQUboIdJDYNRILd0SY5XWBg
KUMARI CYCLIST,https://www.youtube.com/channel/UCNAcSayM0R1Gl9WilYNSV8w
Channel 4 Entertainment,https://www.youtube.com/channel/UCz1hQ68G3XPVYEBoFDgSjcQ
munaoffcial5,https://www.youtube.com/channel/UCH-lBJ-P3IUnxKREzQy3Pkg
Cricket Tak,https://www.youtube.com/channel/UCoDQ6kFYfl8j2_2kVORl60Q
Sofia Pubg,https://www.youtube.com/channel/UCmMfRj8FvDRF7mpiBBo1E7Q
Awesome Mehar,https://www.youtube.com/channel/UC9qt6nKcoTMABfcPV9vSstg
Anil Saini Fitness,https://www.youtube.com/channel/UCPBuGp_FtBimS5c85wXfe_A
KHENG,https://www.youtube.com/channel/UCQUboIdJDYNRILd0SY5XWBg
Channel 4 Entertainment,https://www.youtube.com/channel/UCz1hQ68G3XPVYEBoFDgSjcQ
Priyanka Drall,https://www.youtube.com/channel/UCq8AG7fWGD3qOQYBYNyokXw
Bharat Matters,https://www.youtube.com/channel/UCfyKboFKRNkpg9tvdfCKn8A
YT Payments,https://www.youtube.com/channel/UConCY3xigplYcjwF81OTwSA
Akshay Kheraj Short,https://www.youtube.com/channel/UCioXl92OsHqzk-nXLX50pEw
Ghni Shamim,https://www.youtube.com/channel/UCaIJjamahCtp7FPmKdY2BhQ
vlogger,https://www.youtube.com/channel/UCn61uYvSF1Rp3MqDuwsGElg
Apple,https://www.youtube.com/channel/UCRfrwAOjO7hP5YljPtiUd5Q
Real Moh8en,https://www.youtube.com/channel/UCtvCzXqCouXU680QkkSrZUA
GodL EviL,https://www.youtube.com/channel/UCqW0YH0Cd7ceZBkXEtZaiBw
Xmirrza,https://www.youtube.com/channel/UCcta0q5GRV_9QUVo2r_bPDQ
SiZi Greeks ‡∞§‡±Ü‡∞≤‡±Å‡∞ó‡±Å,https://www.youtube.com/channel/UCnZ3zaKXo-gWhaDA4Y6vZmw
The Legend of Zelda: Breath of the Wild - Topic,https://www.youtube.com/channel/UCP7cAOAbXQrIAyaZLdsCm9A
MANU Reactx üé¨,https://www.youtube.com/channel/UCZnJmOq8lN5w1wAi3jGJ5pA
MOTIVATION CLIP,https://www.youtube.com/channel/UCZs-_wzZ2DBmzdAS-pEquuw
T- Series,https://www.youtube.com/channel/UCD_-Kn8MgKu3_iunVh3HOwA
Abhu arora Talk,https://www.youtube.com/channel/UCYfpnfRSChUZFvq32FpVzRw
Shabana's Kitchen 1M,https://www.youtube.com/channel/UC_R-k1YJfqQzkipTt7I4ChA
sayAboli,https://www.youtube.com/channel/UCQino7E_BZZ8cnXmYCX4dXQ
Tegonity Studio,https://www.youtube.com/channel/UCbRcrMMBwrpMeR81FPCvREw
a  n  a  n  y  a,https://www.youtube.com/channel/UCEYwmHA1Exhu7UU1YC51Wqg
SOE Bangla,https://www.youtube.com/channel/UCiPl4IdrqeGoWPBXGF6KcBw
mom&daughter with family fun,https://www.youtube.com/channel/UCIueazAS40hiZ3jCu6libKQ
Bunty Raj Bhai Vlogs,https://www.youtube.com/channel/UCHEV7AKWdLSO0K8UPYrirbg
BOB & KOMAL,https://www.youtube.com/channel/UCJPJe1WSn5Mc6CR5J-Ku4Lg
Mr. Dugu,https://www.youtube.com/channel/UC5n7iTXs9j_U9jW4lQZPuZA
